region,variable,forecast,first_init,last_init,n_inits,members
rain_pilot,precip,ecmwf_ifs,,,0,1
rain_pilot,precip,ecmwf_ifs_ctrl,2024-04-01,2025-12-26,635,1
rain_pilot,precip,dwd_icon,2024-01-20,2024-01-31,12,1
rain_pilot,precip,cmc_gem,2024-01-20,2024-01-31,12,1
rain_pilot,precip,ecmwf_aifs,2024-04-01,2025-12-26,635,1
rain_pilot,precip,ncep_gfs,2024-01-01,2025-12-26,726,1
rain_pilot,precip,ncep_gefs,2024-01-01,2024-04-30,121,31
rain_pilot,precip,ecmwf_ifs_ens,2024-04-01,2025-12-26,635,51
rain_pilot,precip,ecmwf_aifs_ens,2025-07-02,2025-12-26,178,51
rain_pilot,tmax,ecmwf_ifs,,,0,1
rain_pilot,tmax,ecmwf_ifs_ctrl,2024-04-01,2025-12-26,635,1
rain_pilot,tmax,dwd_icon,2024-01-20,2024-01-31,12,1
rain_pilot,tmax,cmc_gem,2024-01-20,2024-01-31,12,1
rain_pilot,tmax,ecmwf_aifs,2024-04-01,2025-12-26,635,1
rain_pilot,tmax,ncep_gfs,2024-01-01,2025-12-26,726,1
rain_pilot,tmax,ncep_gefs,2024-01-01,2024-04-30,121,31
rain_pilot,tmax,ecmwf_ifs_ens,2024-04-01,2025-12-26,635,51
rain_pilot,tmax,ecmwf_aifs_ens,2025-07-02,2025-12-26,178,51
heat_pilot,precip,ecmwf_ifs_ctrl,2024-04-01,2025-12-26,635,1
heat_pilot,precip,dwd_icon,2025-10-01,2025-10-31,31,1
heat_pilot,precip,ecmwf_aifs,2024-04-01,2025-12-26,635,1
heat_pilot,precip,ncep_gfs,2024-01-01,2025-12-26,726,1
heat_pilot,precip,ncep_gefs,2024-01-01,2025-10-31,122,31
heat_pilot,precip,ecmwf_ifs_ens,2024-04-01,2025-12-26,635,51
heat_pilot,precip,ecmwf_aifs_ens,2025-07-02,2025-12-26,178,51
heat_pilot,tmax,ecmwf_ifs_ctrl,2024-04-01,2025-12-26,635,1
heat_pilot,tmax,dwd_icon,2025-10-01,2025-10-31,31,1
heat_pilot,tmax,ecmwf_aifs,2024-04-01,2025-12-26,635,1
heat_pilot,tmax,ncep_gfs,2024-01-01,2025-12-26,726,1
heat_pilot,tmax,ncep_gefs,2024-01-01,2025-10-31,122,31
heat_pilot,tmax,ecmwf_ifs_ens,2024-04-01,2025-12-26,635,51
heat_pilot,tmax,ecmwf_aifs_ens,2025-07-02,2025-12-26,178,51
