region,forecast,threshold,lead_day,bin_lo,bin_hi,n,mean_prob,obs_freq
rain_pilot,ncep_gefs,64.5,1,0,0.1,18875,0.00014185,0.00068874
rain_pilot,ncep_gefs,64.5,1,0.1,0.2,1,0.12903,0
rain_pilot,ncep_gefs,64.5,1,0.2,0.3,0,,
rain_pilot,ncep_gefs,64.5,1,0.3,0.4,0,,
rain_pilot,ncep_gefs,64.5,1,0.4,0.5,0,,
rain_pilot,ncep_gefs,64.5,1,0.5,0.6,0,,
rain_pilot,ncep_gefs,64.5,1,0.6,0.7,0,,
rain_pilot,ncep_gefs,64.5,1,0.7,0.8,0,,
rain_pilot,ncep_gefs,64.5,1,0.8,0.9,0,,
rain_pilot,ncep_gefs,64.5,1,0.9,1,0,,
rain_pilot,ecmwf_ifs_ens,64.5,1,0,0.1,96810,0.0016938,0.0082843
rain_pilot,ecmwf_ifs_ens,64.5,1,0.1,0.2,727,0.15055,0.18157
rain_pilot,ecmwf_ifs_ens,64.5,1,0.2,0.3,388,0.25051,0.30928
rain_pilot,ecmwf_ifs_ens,64.5,1,0.3,0.4,254,0.34877,0.40945
rain_pilot,ecmwf_ifs_ens,64.5,1,0.4,0.5,243,0.44654,0.41975
rain_pilot,ecmwf_ifs_ens,64.5,1,0.5,0.6,172,0.54948,0.50581
rain_pilot,ecmwf_ifs_ens,64.5,1,0.6,0.7,143,0.64884,0.54545
rain_pilot,ecmwf_ifs_ens,64.5,1,0.7,0.8,123,0.74494,0.47967
rain_pilot,ecmwf_ifs_ens,64.5,1,0.8,0.9,95,0.84438,0.72632
rain_pilot,ecmwf_ifs_ens,64.5,1,0.9,1,105,0.95406,0.6381
rain_pilot,ecmwf_aifs_ens,64.5,1,0,0.1,27349,0.0014461,0.0066182
rain_pilot,ecmwf_aifs_ens,64.5,1,0.1,0.2,164,0.1461,0.15854
rain_pilot,ecmwf_aifs_ens,64.5,1,0.2,0.3,84,0.25303,0.19048
rain_pilot,ecmwf_aifs_ens,64.5,1,0.3,0.4,65,0.35354,0.33846
rain_pilot,ecmwf_aifs_ens,64.5,1,0.4,0.5,38,0.45046,0.42105
rain_pilot,ecmwf_aifs_ens,64.5,1,0.5,0.6,26,0.53922,0.57692
rain_pilot,ecmwf_aifs_ens,64.5,1,0.6,0.7,24,0.63562,0.29167
rain_pilot,ecmwf_aifs_ens,64.5,1,0.7,0.8,11,0.7344,0.36364
rain_pilot,ecmwf_aifs_ens,64.5,1,0.8,0.9,7,0.83193,0.14286
rain_pilot,ecmwf_aifs_ens,64.5,1,0.9,1,0,,
rain_pilot,ncep_gefs,64.5,3,0,0.1,18876,0.00012304,0.00068871
rain_pilot,ncep_gefs,64.5,3,0.1,0.2,0,,
rain_pilot,ncep_gefs,64.5,3,0.2,0.3,0,,
rain_pilot,ncep_gefs,64.5,3,0.3,0.4,0,,
rain_pilot,ncep_gefs,64.5,3,0.4,0.5,0,,
rain_pilot,ncep_gefs,64.5,3,0.5,0.6,0,,
rain_pilot,ncep_gefs,64.5,3,0.6,0.7,0,,
rain_pilot,ncep_gefs,64.5,3,0.7,0.8,0,,
rain_pilot,ncep_gefs,64.5,3,0.8,0.9,0,,
rain_pilot,ncep_gefs,64.5,3,0.9,1,0,,
rain_pilot,ecmwf_ifs_ens,64.5,3,0,0.1,96176,0.0030021,0.0084533
rain_pilot,ecmwf_ifs_ens,64.5,3,0.1,0.2,1092,0.15004,0.163
rain_pilot,ecmwf_ifs_ens,64.5,3,0.2,0.3,576,0.25174,0.17535
rain_pilot,ecmwf_ifs_ens,64.5,3,0.3,0.4,371,0.34898,0.26954
rain_pilot,ecmwf_ifs_ens,64.5,3,0.4,0.5,280,0.44909,0.33929
rain_pilot,ecmwf_ifs_ens,64.5,3,0.5,0.6,189,0.54435,0.45503
rain_pilot,ecmwf_ifs_ens,64.5,3,0.6,0.7,138,0.64606,0.58696
rain_pilot,ecmwf_ifs_ens,64.5,3,0.7,0.8,126,0.74043,0.69048
rain_pilot,ecmwf_ifs_ens,64.5,3,0.8,0.9,74,0.84287,0.72973
rain_pilot,ecmwf_ifs_ens,64.5,3,0.9,1,37,0.93323,0.67568
rain_pilot,ecmwf_aifs_ens,64.5,3,0,0.1,27481,0.0016782,0.0086241
rain_pilot,ecmwf_aifs_ens,64.5,3,0.1,0.2,118,0.15071,0.12712
rain_pilot,ecmwf_aifs_ens,64.5,3,0.2,0.3,63,0.24899,0.14286
rain_pilot,ecmwf_aifs_ens,64.5,3,0.3,0.4,26,0.35747,0
rain_pilot,ecmwf_aifs_ens,64.5,3,0.4,0.5,26,0.44721,0.19231
rain_pilot,ecmwf_aifs_ens,64.5,3,0.5,0.6,28,0.53782,0.10714
rain_pilot,ecmwf_aifs_ens,64.5,3,0.6,0.7,12,0.63725,0
rain_pilot,ecmwf_aifs_ens,64.5,3,0.7,0.8,11,0.72906,0.090909
rain_pilot,ecmwf_aifs_ens,64.5,3,0.8,0.9,3,0.8366,0
rain_pilot,ecmwf_aifs_ens,64.5,3,0.9,1,0,,
heat_pilot,ncep_gefs,64.5,1,0,0.1,20608,0.00014871,0.0001941
heat_pilot,ncep_gefs,64.5,1,0.1,0.2,10,0.15484,0
heat_pilot,ncep_gefs,64.5,1,0.2,0.3,0,,
heat_pilot,ncep_gefs,64.5,1,0.3,0.4,0,,
heat_pilot,ncep_gefs,64.5,1,0.4,0.5,0,,
heat_pilot,ncep_gefs,64.5,1,0.5,0.6,0,,
heat_pilot,ncep_gefs,64.5,1,0.6,0.7,0,,
heat_pilot,ncep_gefs,64.5,1,0.7,0.8,0,,
heat_pilot,ncep_gefs,64.5,1,0.8,0.9,0,,
heat_pilot,ncep_gefs,64.5,1,0.9,1,0,,
heat_pilot,ecmwf_ifs_ens,64.5,1,0,0.1,1.0604e+05,0.00126,0.0037155
heat_pilot,ecmwf_ifs_ens,64.5,1,0.1,0.2,638,0.149,0.12382
heat_pilot,ecmwf_ifs_ens,64.5,1,0.2,0.3,288,0.25054,0.1875
heat_pilot,ecmwf_ifs_ens,64.5,1,0.3,0.4,135,0.34757,0.28889
heat_pilot,ecmwf_ifs_ens,64.5,1,0.4,0.5,79,0.45048,0.44304
heat_pilot,ecmwf_ifs_ens,64.5,1,0.5,0.6,32,0.55086,0.53125
heat_pilot,ecmwf_ifs_ens,64.5,1,0.6,0.7,24,0.63889,0.75
heat_pilot,ecmwf_ifs_ens,64.5,1,0.7,0.8,32,0.74142,0.65625
heat_pilot,ecmwf_ifs_ens,64.5,1,0.8,0.9,22,0.84046,0.59091
heat_pilot,ecmwf_ifs_ens,64.5,1,0.9,1,23,0.95311,0.30435
heat_pilot,ecmwf_aifs_ens,64.5,1,0,0.1,29772,0.0015148,0.0071208
heat_pilot,ecmwf_aifs_ens,64.5,1,0.1,0.2,159,0.1449,0.25157
heat_pilot,ecmwf_aifs_ens,64.5,1,0.2,0.3,80,0.2473,0.3625
heat_pilot,ecmwf_aifs_ens,64.5,1,0.3,0.4,34,0.34141,0.52941
heat_pilot,ecmwf_aifs_ens,64.5,1,0.4,0.5,20,0.44902,0.55
heat_pilot,ecmwf_aifs_ens,64.5,1,0.5,0.6,4,0.53431,1
heat_pilot,ecmwf_aifs_ens,64.5,1,0.6,0.7,6,0.63399,1
heat_pilot,ecmwf_aifs_ens,64.5,1,0.7,0.8,5,0.73725,1
heat_pilot,ecmwf_aifs_ens,64.5,1,0.8,0.9,2,0.81373,0.5
heat_pilot,ecmwf_aifs_ens,64.5,1,0.9,1,0,,
heat_pilot,ncep_gefs,64.5,3,0,0.1,20618,0.00025502,0.00019401
heat_pilot,ncep_gefs,64.5,3,0.1,0.2,0,,
heat_pilot,ncep_gefs,64.5,3,0.2,0.3,0,,
heat_pilot,ncep_gefs,64.5,3,0.3,0.4,0,,
heat_pilot,ncep_gefs,64.5,3,0.4,0.5,0,,
heat_pilot,ncep_gefs,64.5,3,0.5,0.6,0,,
heat_pilot,ncep_gefs,64.5,3,0.6,0.7,0,,
heat_pilot,ncep_gefs,64.5,3,0.7,0.8,0,,
heat_pilot,ncep_gefs,64.5,3,0.8,0.9,0,,
heat_pilot,ncep_gefs,64.5,3,0.9,1,0,,
heat_pilot,ecmwf_ifs_ens,64.5,3,0,0.1,1.0572e+05,0.0028265,0.004228
heat_pilot,ecmwf_ifs_ens,64.5,3,0.1,0.2,1079,0.1465,0.076923
heat_pilot,ecmwf_ifs_ens,64.5,3,0.2,0.3,302,0.24601,0.16556
heat_pilot,ecmwf_ifs_ens,64.5,3,0.3,0.4,132,0.3473,0.38636
heat_pilot,ecmwf_ifs_ens,64.5,3,0.4,0.5,53,0.44358,0.62264
heat_pilot,ecmwf_ifs_ens,64.5,3,0.5,0.6,17,0.5248,0.70588
heat_pilot,ecmwf_ifs_ens,64.5,3,0.6,0.7,1,0.60784,1
heat_pilot,ecmwf_ifs_ens,64.5,3,0.7,0.8,0,,
heat_pilot,ecmwf_ifs_ens,64.5,3,0.8,0.9,0,,
heat_pilot,ecmwf_ifs_ens,64.5,3,0.9,1,0,,
heat_pilot,ecmwf_aifs_ens,64.5,3,0,0.1,29625,0.0031002,0.0073924
heat_pilot,ecmwf_aifs_ens,64.5,3,0.1,0.2,323,0.14515,0.16099
heat_pilot,ecmwf_aifs_ens,64.5,3,0.2,0.3,85,0.25075,0.35294
heat_pilot,ecmwf_aifs_ens,64.5,3,0.3,0.4,31,0.35104,0.3871
heat_pilot,ecmwf_aifs_ens,64.5,3,0.4,0.5,16,0.43627,0.75
heat_pilot,ecmwf_aifs_ens,64.5,3,0.5,0.6,2,0.52941,0.5
heat_pilot,ecmwf_aifs_ens,64.5,3,0.6,0.7,0,,
heat_pilot,ecmwf_aifs_ens,64.5,3,0.7,0.8,0,,
heat_pilot,ecmwf_aifs_ens,64.5,3,0.8,0.9,0,,
heat_pilot,ecmwf_aifs_ens,64.5,3,0.9,1,0,,
