sample,region,variable,lead_day,lead_h,season,regime,forecast,kind,ensemble,n_cases,n_blocks,bias,mae,rmse,rmse_lo,rmse_hi,crps,crps_lo,crps_hi,n_obs_ev_64.5,pod_64.5,far_64.5,csi_64.5,fbias_64.5,ets_64.5,ets_64.5_lo,ets_64.5_hi,brier_64.5,bss_64.5,bss_64.5_lo,bss_64.5_hi,n_obs_ev_115.6,pod_115.6,far_115.6,csi_115.6,fbias_115.6,ets_115.6,ets_115.6_lo,ets_115.6_hi,brier_115.6,bss_115.6,bss_115.6_lo,bss_115.6_hi,d_rmse_vs_ref,d_rmse_lo,d_rmse_hi,d_rmse_p,d_crps_vs_ref,d_crps_lo,d_crps_hi,d_crps_p,d_ets_64.5_vs_ref,d_ets_64.5_lo,d_ets_64.5_hi,d_ets_64.5_p
phase4,rain_pilot,precip,1,27,all,all,blend_B,L3B,False,56316,73,-0.2824275075787127,4.347188942816882,10.041067199897395,8.264262856672676,11.793734000199375,4.347188942816882,3.4645358351002824,5.299776482116588,870.0,0.2517241379310345,0.4016393442622951,0.2153392330383481,0.4206896551724138,0.21095240322562298,0.05599953186849863,0.2951349008216864,0.01417004048582996,0.014473106399388369,-0.14892890951480378,0.1458788423904496,144.0,0.013888888888888888,0.7777777777777778,0.013245033112582781,0.0625,0.01309462482446174,0.0,0.020871327158532148,0.00264578450174018,-0.045933010170282174,-0.14684716502987846,0.023166530955188502,-0.27023424601312485,-0.5362740295331625,-0.058948291923711836,0.006,-0.3850392830034943,-0.49055138326773634,-0.2930753756100494,0.0,-0.01616655918032517,-0.03572478830978804,0.004678053547268005,0.186
phase4,rain_pilot,precip,1,27,all,all,equal_mean,prev,False,56316,73,0.517279549272663,4.732228225820377,10.31130144591052,8.445566825024063,12.026115402878213,4.732228225820377,3.8009783764676826,5.753802453941101,870.0,0.2896551724137931,0.4603854389721627,0.23225806451612904,0.5367816091954023,0.22711896240594814,0.052634336438029596,0.32878285601629653,0.014791533489594432,-0.028751757355024443,-0.26664819329451883,0.14566353902968518,144.0,0.006944444444444444,0.9230769230769231,0.00641025641025641,0.09027777777777778,0.006198493890309746,-0.00013699836786593982,0.016813119147337834,0.0027523261595283756,-0.08805111796237397,-0.1993733015925829,0.0018814277172135695,,,,,,,,,,,,
phase4,rain_pilot,precip,1,27,winter_JF,all,blend_B,L3B,False,9204,13,0.299240074841233,0.4077980952115561,1.586427257769513,0.6369058051024872,2.2834786574231396,0.4077980952115561,0.14733596837629814,0.7313866507948071,0.0,,,,,,,,0.0,1.0,1.0,1.0,0.0,,,,,,,,0.0,1.0,1.0,1.0,-0.2771076236723238,-0.409002724159799,-0.10299855911774504,0.0,-0.15517126904155354,-0.25254237369218396,-0.07665876816164223,0.0,,,,
phase4,rain_pilot,precip,1,27,winter_JF,all,equal_mean,prev,False,9204,13,0.4749821483687851,0.5629693642531096,1.8635348814418369,0.8217316615283511,2.651732728305255,0.5629693642531096,0.22415048596525358,0.9831830090393467,0.0,,,,,,,,0.0,1.0,1.0,1.0,0.0,,,,,,,,0.0,1.0,1.0,1.0,,,,,,,,,,,,
phase4,rain_pilot,precip,1,27,premonsoon_MAM,all,blend_B,L3B,False,14352,19,-0.9018381879653621,4.636944090372094,11.077655832004307,6.79458207307981,14.850067314829227,4.636944090372094,3.0840052619116554,6.541869078104712,353.0,0.37677053824362605,0.31088082901554404,0.3220338983050847,0.546742209631728,0.3141507773951158,0.0,0.39674508204456516,0.01950947603121516,0.16279319296182038,-0.024076195847812065,0.2859383799112456,75.0,0.013333333333333334,0.0,0.013333333333333334,0.013333333333333334,0.013264580865444917,0.0,0.022356382053968563,0.005156075808249721,0.0017318227057642188,-0.01463507777388361,0.012850735943763177,0.010804084964629368,-0.16241401429059482,0.1276868697946675,0.93,-0.3285470289600054,-0.4321608285040926,-0.24981705960462872,0.0,-0.03973760992422737,-0.06758362394978334,0.0020779484291318442,0.15
phase4,rain_pilot,precip,1,27,premonsoon_MAM,all,equal_mean,prev,False,14352,19,-0.07007381667805208,4.9654911193321,11.066851747039678,6.970196952121194,14.78057792816898,4.9654911193321,3.3723351353394397,6.881409559252667,353.0,0.4447592067988669,0.33755274261603374,0.3625866050808314,0.6713881019830028,0.3538883873193432,-0.00025320094341386165,0.4609380972116862,0.019230769230769232,0.174753290205223,-0.25695831216409726,0.3402582652087208,75.0,0.0,1.0,0.0,0.02666666666666667,-0.00013575225756004322,-0.0004034678554207382,0.0,0.005365105908584169,-0.03873850880616425,-0.05562785864560583,0.004468095444562152,,,,,,,,,,,,
phase4,rain_pilot,precip,1,27,monsoon_JJAS,all,blend_B,L3B,False,19032,25,-0.3564268944396639,6.5862833288717075,12.551875191991316,9.671655675557746,15.198244488617819,6.5862833288717075,4.955329291813254,8.222422100978767,458.0,0.18777292576419213,0.5028901734104047,0.1577981651376147,0.3777292576419214,0.15131514904102766,0.014117848167347572,0.2550036975219331,0.024117276166456494,-0.1023471371570952,-0.25661151722440584,0.05532994921218992,66.0,0.015151515151515152,0.875,0.0136986301369863,0.12121212121212122,0.013323655969723677,0.0,0.02312563457551804,0.0037831021437578815,-0.10277377620422401,-0.19834775095248117,0.0816062897733602,-0.5433038451359948,-1.0374438787238742,-0.06561279230058932,0.014,-0.5246248403442477,-0.7768942261187014,-0.29548068199559846,0.0,-0.0013697116910856566,-0.013103545048991912,0.013104906316013808,0.942
phase4,rain_pilot,precip,1,27,monsoon_JJAS,all,equal_mean,prev,False,19032,25,0.6790548104948396,7.110908169215955,13.095179037127311,10.046407286639681,15.679868183930092,7.110908169215955,5.32977299313015,8.930031549539438,458.0,0.2052401746724891,0.5765765765765766,0.16040955631399317,0.4847161572052402,0.15268486073211332,0.01295282047828925,0.2585544672387322,0.025851197982345524,-0.18160085290041583,-0.45550012302674187,0.012998175865619245,66.0,0.015151515151515152,0.9090909090909091,0.013157894736842105,0.16666666666666666,0.012662325535067295,-0.00023533875113942798,0.021916271318963985,0.003940731399747793,-0.14872268354606666,-0.2750286403001354,0.03737074088321679,,,,,,,,,,,,
phase4,rain_pilot,precip,1,27,postmonsoon_OND,all,blend_B,L3B,False,13728,18,0.07774658821482135,3.5812465716230903,8.074826084989125,5.614056501007913,10.238795399021557,3.5812465716230903,2.1629402857816133,5.115791521235892,59.0,0.0,,0.0,0.0,0.0,0.0,0.0,0.004297785547785548,-0.001983978686022736,-0.01231144139511231,0.044298473113899936,3.0,0.0,,0.0,0.0,0.0,0.0,0.0,0.00021853146853146853,0.012510687117277985,0.004408891436972489,1.0,-0.17479874078595437,-0.38913087978937616,0.026206283360503495,0.106,-0.4046990807328532,-0.5121748143657905,-0.29372953479187963,0.0,-0.014638197125365513,-0.04295955045416191,0.0,0.752
phase4,rain_pilot,precip,1,27,postmonsoon_OND,all,equal_mean,prev,False,13728,18,0.9354099407691291,3.9859456523559436,8.24962482577508,5.78668990179633,10.389611409745086,3.9859456523559436,2.496405509425689,5.576446883828138,59.0,0.01694915254237288,0.875,0.015151515151515152,0.13559322033898305,0.014638197125365513,0.0,0.042959550454161895,0.004734848484848485,-0.10388065448460138,-0.3707544404407337,0.044298473113899936,3.0,0.0,,0.0,0.0,0.0,0.0,0.0,0.00021853146853146853,0.012510687117277985,0.004408891436972489,1.0,,,,,,,,,,,,
phase4,rain_pilot,precip,2,51,all,all,blend_B,L3B,False,56472,73,-0.7255221705365005,4.344786844679637,10.161458681135317,8.38276461497785,11.870575704140128,4.344786844679637,3.482665741557974,5.278520650596704,870.0,0.19885057471264367,0.3024193548387097,0.18306878306878308,0.2850574712643678,0.17975250553712982,0.004281329813693845,0.2645576219760431,0.013670491571044057,0.046583509714821725,-0.08613916167965666,0.14535457797818338,144.0,0.0,,0.0,0.0,0.0,0.0,0.0,0.0025499362515937103,-0.010834514427271902,-0.02506531439379831,0.015974137555141276,-0.1644011504719849,-0.34833877644559497,-0.01089303589672209,0.042,-0.37271451490325536,-0.46458021959887835,-0.2900013572924451,0.0,-0.03170732509524715,-0.052948785396842446,-0.0032835426569699146,0.026
phase4,rain_pilot,precip,2,51,all,all,equal_mean,prev,False,56472,73,0.07851932763993781,4.717501359582893,10.325859831607302,8.559879260192574,12.015721122754853,4.717501359582893,3.8229184609405817,5.700125302633108,870.0,0.2413793103448276,0.3333333333333333,0.2153846153846154,0.3620689655172414,0.21145983063237697,0.010990639670669333,0.3134262026274785,0.013546536336591586,0.05522847789098262,-0.11140940785878348,0.17793048997049218,144.0,0.006944444444444444,0.8,0.006756756756756757,0.034722222222222224,0.006671184960972275,-6.955543948192891e-05,0.01931540381272199,0.0026030599235019125,-0.03189356681117328,-0.051100702467005404,0.007470423263326776,,,,,,,,,,,,
phase4,rain_pilot,precip,2,51,winter_JF,all,blend_B,L3B,False,9204,13,0.1495344693604142,0.3112405761826671,1.278374298581354,0.6271691175056405,1.761789522356204,0.3112405761826671,0.12747269379404927,0.5234626900974292,0.0,,,,,,,,0.0,1.0,1.0,1.0,0.0,,,,,,,,0.0,1.0,1.0,1.0,-0.18091474962915122,-0.28426841728299684,-0.08824543944242116,0.0,-0.12634729244092519,-0.20320524839414147,-0.06661815116850367,0.0,,,,
phase4,rain_pilot,precip,2,51,winter_JF,all,equal_mean,prev,False,9204,13,0.3098293993367087,0.4375878686235923,1.4592890482105052,0.7593117238375949,1.9867160455687656,0.4375878686235923,0.19890283294973832,0.7285081306066337,0.0,,,,,,,,0.0,1.0,1.0,1.0,0.0,,,,,,,,0.0,1.0,1.0,1.0,,,,,,,,,,,,
phase4,rain_pilot,precip,2,51,premonsoon_MAM,all,blend_B,L3B,False,14352,19,-0.9089450895630162,4.7079949704195485,11.098539005718305,6.849684037674362,14.781824141701136,4.7079949704195485,3.170395212881693,6.6684588738787225,353.0,0.31728045325779036,0.2483221476510067,0.28717948717948716,0.42209631728045327,0.28041765417427833,0.0,0.3381500289869833,0.019370122630992196,0.1687732415835217,-0.027538921502111152,0.26043047698810895,75.0,0.0,,0.0,0.0,0.0,0.0,0.0,0.005225752508361204,-0.011758287798211864,-0.01463507777388361,0.004468095444562152,-0.11608895614761572,-0.42322076119813146,0.09253366431966388,0.31,-0.40901643166910695,-0.5308395478511452,-0.3095712561140582,0.0,-0.06673101125358416,-0.0847972597281745,0.00021603535102642207,0.078
phase4,rain_pilot,precip,2,51,premonsoon_MAM,all,equal_mean,prev,False,14352,19,0.045943207486244274,5.1170114020886555,11.21462796186592,7.087561754457354,14.884361436723522,5.1170114020886555,3.512523666058873,7.106970792919773,353.0,0.40509915014164305,0.25906735751295334,0.3548387096774194,0.546742209631728,0.3471486654278625,-0.00021603535102642212,0.41796542659797226,0.018115942028985508,0.22259367917883321,-0.18263983327456232,0.3273268142053179,75.0,0.0,1.0,0.0,0.02666666666666667,-0.00013575225756004322,-0.0003479807054047682,0.0,0.005365105908584169,-0.03873850880616425,-0.05834119900454497,0.004468095444562152,,,,,,,,,,,,
phase4,rain_pilot,precip,2,51,monsoon_JJAS,all,blend_B,L3B,False,19032,25,-1.7098460817223793,6.4680903577688875,12.788051576121429,9.943185367704155,15.37166230915818,6.4680903577688875,4.938354963396746,8.030837676330414,458.0,0.1331877729257642,0.3838383838383838,0.12298387096774194,0.21615720524017468,0.11875101787955332,0.0,0.24924904031304942,0.0228562421185372,-0.04470807116195297,-0.14895817481413542,0.06405003395903813,66.0,0.0,,0.0,0.0,0.0,0.0,0.0,0.0034678436317780582,-0.010875961520538713,-0.031168424875190615,0.0816062897733602,-0.18167881070621306,-0.5230798375223721,0.15362313006134667,0.372,-0.40866794186270905,-0.6212053835722978,-0.20934808472541497,0.0,-0.007137131588614884,-0.017821151229978904,0.009537051620472978,0.786
phase4,rain_pilot,precip,2,51,monsoon_JJAS,all,equal_mean,prev,False,19032,25,-0.7251723541371826,6.876758299631597,12.969730386827642,10.088906710260114,15.653345671553804,6.876758299631597,5.263178056238681,8.477298347771313,458.0,0.1462882096069869,0.4462809917355372,0.130859375,0.26419213973799127,0.1258881494681682,0.0,0.26337336236706504,0.023381672971836905,-0.06872434865992894,-0.20438310172800198,0.05097823148762269,66.0,0.015151515151515152,0.6666666666666666,0.014705882352941176,0.045454545454545456,0.014555116083890143,0.0,0.02691862475970251,0.0035203867171080287,-0.026192263967819596,-0.056466597331667354,0.0816062897733602,,,,,,,,,,,,
phase4,rain_pilot,precip,2,51,postmonsoon_OND,all,blend_B,L3B,False,13884,18,0.23328776161179893,3.732663852279196,8.209655334834737,5.708260296289251,10.437704842427813,3.732663852279196,2.170914782931196,5.381981836405447,59.0,0.0,,0.0,0.0,0.0,0.0,0.0,0.00424949582252953,-0.0019766874347300067,-0.012305131200148828,0.04431896375305765,3.0,0.0,,0.0,0.0,0.0,0.0,0.0,0.000216076058772688,0.012514012020014786,0.004410919250350742,1.0,-0.256589943215106,-0.44197324131601406,-0.08079386282520985,0.0,-0.4492265564062441,-0.5860508410422187,-0.30943145489353363,0.0,7.082994690154998e-05,0.0,0.0002638934332040465,0.72
phase4,rain_pilot,precip,2,51,postmonsoon_OND,all,equal_mean,prev,False,13884,18,1.0605428557392524,4.18189040868544,8.466245278049843,5.973649003428708,10.668376758944795,4.18189040868544,2.5636812145228847,5.916784961371681,59.0,0.0,1.0,0.0,0.01694915254237288,-7.082994690154998e-05,-0.00026389343320404654,0.0,0.00432152117545376,-0.01895934315396275,-0.06347233261719328,0.03227850802908359,3.0,0.0,,0.0,0.0,0.0,0.0,0.0,0.000216076058772688,0.012514012020014786,0.004410919250350742,1.0,,,,,,,,,,,,
phase4,rain_pilot,precip,3,75,all,all,blend_B,L3B,False,56628,73,-0.6481116270367294,4.42793817740605,10.204424795118019,8.45773331780996,11.91018809460187,4.42793817740605,3.56156152335363,5.359582832664346,870.0,0.1896551724137931,0.26339285714285715,0.17761033369214208,0.2574712643678161,0.17455252877308045,0.0030744980087743143,0.2628952569312831,0.0134915589461044,0.056463972642379234,-0.06931526980969846,0.16919992155218852,144.0,0.0,1.0,0.0,0.006944444444444444,-1.7537629175599897e-05,-5.2509937510772365e-05,0.0,0.002560570742388924,-0.01785412546826759,-0.029727840326906285,0.01582435596387695,-0.15915473795554824,-0.34080289324574636,-0.001480737929671527,0.048,-0.41685895644729243,-0.5265366962057163,-0.32370414006556586,0.0,-0.03950692236368675,-0.05447194531758322,-0.010629773126137311,0.022
phase4,rain_pilot,precip,3,75,all,all,equal_mean,prev,False,56628,73,0.24425988358690084,4.844797133853342,10.363579533073567,8.653509685795347,12.120143955614639,4.844797133853342,3.927737266693912,5.838666020173387,870.0,0.24482758620689654,0.334375,0.218014329580348,0.367816091954023,0.2140594511367672,0.015053815388288795,0.3145749680511577,0.0134915589461044,0.056463972642379234,-0.07348715227618369,0.18176252045393415,144.0,0.0,1.0,0.0,0.034722222222222224,-8.533988743668848e-05,-0.00018665512331205426,0.0,0.002631207176661722,-0.04593285996394392,-0.07364720459430286,0.007470441576947532,,,,,,,,,,,,
phase4,rain_pilot,precip,3,75,winter_JF,all,blend_B,L3B,False,9204,13,0.14390882159807702,0.33369650481568075,1.3556388611236365,0.7222036435412337,1.8494485509218686,0.33369650481568075,0.1450420418685354,0.5441483900107185,0.0,,,,,,,,0.0,1.0,1.0,1.0,0.0,,,,,,,,0.0,1.0,1.0,1.0,-0.31580909446585226,-0.6311300093635013,-0.046777369100075634,0.0,-0.15481701748355076,-0.2605139121066865,-0.07283928376541317,0.0,,,,
phase4,rain_pilot,precip,3,75,winter_JF,all,equal_mean,prev,False,9204,13,0.3312030470588991,0.4885135222992315,1.6714479555894888,0.951814594224816,2.2346225642829647,0.4885135222992315,0.22253259351970447,0.7907549399501929,0.0,,,,,,,,0.0,1.0,1.0,1.0,0.0,,,,,,,,0.0,1.0,1.0,1.0,,,,,,,,,,,,
phase4,rain_pilot,precip,3,75,premonsoon_MAM,all,blend_B,L3B,False,14352,19,-0.6986527649853308,4.877019592499529,11.075129785000401,6.948551600644146,14.72731697074474,4.877019592499529,3.23054829026296,6.970310521784506,353.0,0.34277620396600567,0.25308641975308643,0.30710659898477155,0.45892351274787535,0.30002776238400625,0.0,0.3648850118953212,0.019021739130434784,0.18372336313777493,-0.0009516903315369529,0.29103462781201833,75.0,0.0,1.0,0.0,0.013333333333333334,-6.876462967496336e-05,-0.00020531721509732537,0.0,0.005295429208472687,-0.025248398302188058,-0.0328287542025201,0.004468095444562152,-0.21003868977638618,-0.4984485724297667,0.04032965047235134,0.124,-0.5006679210417042,-0.6944791116332498,-0.34934081775276354,0.0,-0.06001859780722957,-0.08903494538856098,0.0,0.078
phase4,rain_pilot,precip,3,75,premonsoon_MAM,all,equal_mean,prev,False,14352,19,0.414552118045229,5.377687513541233,11.285168474776787,7.098258680462801,14.955665416380429,5.377687513541233,3.617077100425832,7.554814763607447,353.0,0.4447592067988669,0.3173913043478261,0.3685446009389671,0.6515580736543909,0.3600463601912358,0.0,0.43512033766144853,0.018743032329988852,0.19568346038117745,-0.027538921502111152,0.3265163082505145,75.0,0.0,1.0,0.0,0.04,-0.00020103088638538424,-0.000496320707080515,0.0,0.005434782608695652,-0.052228619310140445,-0.05834119900454497,0.004468095444562152,,,,,,,,,,,,
phase4,rain_pilot,precip,3,75,monsoon_JJAS,all,blend_B,L3B,False,19032,25,-1.536140516865249,6.570952694076375,12.871623386675802,10.07988908122718,15.427183590566786,6.570952694076375,5.066668264950927,8.101402454826951,458.0,0.09606986899563319,0.2903225806451613,0.09243697478991597,0.13537117903930132,0.08958328996340982,0.0,0.19431411348826005,0.02269861286254729,-0.03750318791256024,-0.12244134566066639,0.05576419144828838,66.0,0.0,,0.0,0.0,0.0,0.0,0.0,0.0034678436317780582,-0.010875961520538713,-0.031168424875190615,0.0816062897733602,-0.16371087441702947,-0.5084962226152537,0.1607308442554188,0.436,-0.47007186933957446,-0.7116168729231875,-0.2549975288103596,0.0,-0.02031956467123633,-0.03547360917142738,0.0,0.744
phase4,rain_pilot,precip,3,75,monsoon_JJAS,all,equal_mean,prev,False,19032,25,-0.3934167264003791,7.04102456341595,13.035334261092832,10.237483487138698,15.619121153553442,7.04102456341595,5.4439379091143545,8.651994338136209,458.0,0.1222707423580786,0.37777777777777777,0.11382113821138211,0.1965065502183406,0.10990285463464615,0.0,0.22912607919517664,0.02290878520386717,-0.04710969891175054,-0.12244134566066639,0.045022642372075025,66.0,0.0,1.0,0.0,0.030303030303030304,-0.00010200580505763328,-0.00030551239104233694,0.0,0.003572929802437999,-0.04150856641510048,-0.08302713284519816,0.0816062897733602,,,,,,,,,,,,
phase4,rain_pilot,precip,3,75,postmonsoon_OND,all,blend_B,L3B,False,14040,18,0.08811173719546146,3.7479048158555135,8.295570414839524,5.860991760364166,10.415185919031988,3.7479048158555135,2.263285081590819,5.277264809284139,59.0,0.0,,0.0,0.0,0.0,0.0,0.0,0.004202279202279203,-0.00196939628955084,-0.012298821084074263,0.04433945351263057,3.0,0.0,,0.0,0.0,0.0,0.0,0.0,0.00021367521367521368,0.012517336900361609,0.004412947055468461,1.0,-0.12124260395892783,-0.28379468061796687,0.002288169173133469,0.062,-0.43083755959525893,-0.5601401916278784,-0.3030012228316305,0.0,0.0,0.0,0.0,1.0
phase4,rain_pilot,precip,3,75,postmonsoon_OND,all,equal_mean,prev,False,14040,18,0.8775933747361682,4.178742375450772,8.416813018798452,6.100951359109786,10.506742557683648,4.178742375450772,2.6418413070289017,5.751950780285185,59.0,0.0,,0.0,0.0,0.0,0.0,0.0,0.004202279202279203,-0.00196939628955084,-0.012298821084074263,0.04433945351263057,3.0,0.0,,0.0,0.0,0.0,0.0,0.0,0.00021367521367521368,0.012517336900361609,0.004412947055468461,1.0,,,,,,,,,,,,
phase4,rain_pilot,precip,4,99,all,all,blend_B,L3B,False,56784,74,-0.7520243553966887,4.507870740988439,10.44551041032416,8.585399541189163,12.126523842070364,4.507870740988439,3.585564133733165,5.459609380382,870.0,0.14597701149425288,0.30978260869565216,0.13700107874865156,0.21149425287356322,0.13436860311751694,-1.7486895308641154e-05,0.19656716784628844,0.014088475626937165,0.012004679885570968,-0.07846530102047543,0.09194422257210057,144.0,0.0,,0.0,0.0,0.0,0.0,0.0,0.00253592561284869,-0.010834369261435661,-0.02588506179842919,0.016889868867588403,-0.14676607408013354,-0.41364024902684904,0.07135430593061745,0.202,-0.44548731103772,-0.5736208583618764,-0.33757486218495886,0.0,-0.040960487356327346,-0.07049264281941083,-0.010739642662546827,0.012
phase4,rain_pilot,precip,4,99,all,all,equal_mean,prev,False,56784,74,0.20378519176032586,4.953358052026159,10.592276484404293,8.756241958000247,12.2712615426156,4.953358052026159,3.99199753824357,5.96294212099473,870.0,0.20229885057471264,0.39100346020761245,0.1790437436419125,0.332183908045977,0.1753290904738443,0.012600085203033835,0.2565379418619613,0.014211749788672866,0.0033597208345697016,-0.1266371586401152,0.1307426940847097,144.0,0.0,1.0,0.0,0.006944444444444444,-1.748944803302008e-05,-5.2420187296179715e-05,0.0,0.002553536207382361,-0.017854052381306884,-0.029222003266430662,0.016356832359790133,,,,,,,,,,,,
phase4,rain_pilot,precip,4,99,winter_JF,all,blend_B,L3B,False,9204,13,0.20431975638728894,0.37603745093376745,1.430667178010916,0.8113056945948639,1.9085722657489186,0.37603745093376745,0.1662159865928429,0.5947166108633644,0.0,,,,,,,,0.0,1.0,1.0,1.0,0.0,,,,,,,,0.0,1.0,1.0,1.0,-0.39767652888966154,-0.6577124562511361,-0.15563437517361675,0.0,-0.21429988495548075,-0.3616858170456238,-0.09715729914448337,0.0,,,,
phase4,rain_pilot,precip,4,99,winter_JF,all,equal_mean,prev,False,9204,13,0.45385820056338244,0.5903373358892482,1.8283437069005775,1.0814397943925675,2.454809377211112,0.5903373358892482,0.2646904652047524,0.9658150492430319,0.0,,,,,,,,0.0,1.0,1.0,1.0,0.0,,,,,,,,0.0,1.0,1.0,1.0,,,,,,,,,,,,
phase4,rain_pilot,precip,4,99,premonsoon_MAM,all,blend_B,L3B,False,14352,19,-1.1655725688813747,4.946328934427731,11.518789807487952,7.0453085741278425,15.509840974902122,4.946328934427731,3.2714559511764647,7.124278879099757,353.0,0.24929178470254956,0.2727272727272727,0.22797927461139897,0.34277620396600567,0.22198066310252257,0.0,0.25377612850752784,0.020763656633221852,0.10897275536650886,-0.027538921502111152,0.17882913689793242,75.0,0.0,,0.0,0.0,0.0,0.0,0.0,0.005225752508361204,-0.011758287798211864,-0.01463507777388361,0.004468095444562152,0.008510793660935434,-0.35043847373797843,0.3536237501106261,0.946,-0.4561719924932399,-0.6490653048568098,-0.28923136768652846,0.0,-0.08253986948604808,-0.12421560299158253,0.0,0.078
phase4,rain_pilot,precip,4,99,premonsoon_MAM,all,equal_mean,prev,False,14352,19,0.00739771700161156,5.402500926920971,11.510279013827017,7.1378025627184565,15.364343900795939,5.402500926920971,3.680644601216531,7.6005052958604,353.0,0.3654390934844193,0.31746031746031744,0.31234866828087166,0.5354107648725213,0.30452053258857065,0.0,0.35744822194052356,0.019788182831661092,0.15083309571841785,-0.024076195847812065,0.2604381607311556,75.0,0.0,1.0,0.0,0.013333333333333334,-6.876462967496336e-05,-0.00020531721509732537,0.0,0.005295429208472687,-0.025248398302188058,-0.0328287542025201,0.004468095444562152,,,,,,,,,,,,
phase4,rain_pilot,precip,4,99,monsoon_JJAS,all,blend_B,L3B,False,19032,25,-1.4093000425050948,6.770201341840484,13.178739548236996,10.39330033379134,15.674929425693918,6.770201341840484,5.199030525344324,8.330602228779455,458.0,0.0851528384279476,0.38095238095238093,0.08091286307053942,0.13755458515283842,0.07801285352947158,-0.0001523578957101543,0.16694306067810574,0.023276586801176963,-0.06392109316033379,-0.12550646931444914,0.028614033276517802,66.0,0.0,,0.0,0.0,0.0,0.0,0.0,0.0034678436317780582,-0.010875961520538713,-0.031168424875190615,0.0816062897733602,-0.2541691197553835,-0.7390750500866982,0.1410360667063227,0.382,-0.5113310760465186,-0.8078145517400512,-0.2781881793217691,0.0,-0.009667237449945645,-0.011545830617106179,0.0,0.244
phase4,rain_pilot,precip,4,99,monsoon_JJAS,all,equal_mean,prev,False,19032,25,-0.2501246381472536,7.281532417887003,13.432908667992379,10.574686088145254,16.12754578560733,7.281532417887003,5.603128664013704,9.066711029173515,458.0,0.10262008733624454,0.53,0.09197651663405088,0.2183406113537118,0.08768009097941723,0.0,0.1760122597163805,0.02437999159310635,-0.1143552759060833,-0.1737675614143259,0.018261197351083974,66.0,0.0,,0.0,0.0,0.0,0.0,0.0,0.0034678436317780582,-0.010875961520538713,-0.031168424875190615,0.0816062897733602,,,,,,,,,,,,
phase4,rain_pilot,precip,4,99,postmonsoon_OND,all,blend_B,L3B,False,14196,19,-0.07279614800589736,3.7104605982726304,8.253636849378244,5.8790594309787,10.207721598091984,3.7104605982726304,2.268688222026673,5.1488322012517,59.0,0.0,,0.0,0.0,0.0,0.0,0.0,0.004156100309946464,-0.0019621439294561505,-0.01268398294189384,0.04899662637097866,3.0,0.0,,0.0,0.0,0.0,0.0,0.0,0.00021132713440405747,0.012520661758318563,0.004759666668104459,1.0,-0.1584311877803284,-0.4554198780068219,0.0394804205131117,0.126,-0.4963019056956406,-0.6954745759816932,-0.33632659768426654,0.0,0.0,0.0,0.0,1.0
phase4,rain_pilot,precip,4,99,postmonsoon_OND,all,equal_mean,prev,False,14196,19,0.8487339764542388,4.206762503968271,8.412068037158573,6.192447204803995,10.30795424711349,4.206762503968271,2.7129019944529214,5.671162953515809,59.0,0.0,,0.0,0.0,0.0,0.0,0.0,0.004156100309946464,-0.0019621439294561505,-0.01268398294189384,0.04899662637097866,3.0,0.0,,0.0,0.0,0.0,0.0,0.0,0.00021132713440405747,0.012520661758318563,0.004759666668104459,1.0,,,,,,,,,,,,
phase4,rain_pilot,precip,5,123,all,all,blend_B,L3B,False,56940,74,-0.8428720072202157,4.580124532717153,10.645064012338938,8.737456781892545,12.475321661673,4.580124532717153,3.622615201613548,5.505495136498381,870.0,0.1206896551724138,0.3597560975609756,0.11302475780409042,0.18850574712643678,0.11062584518728043,0.006119516662841264,0.1720684499216971,0.014471373375482965,-0.01763464835149886,-0.08040275985039624,0.04433731063757957,144.0,0.0,,0.0,0.0,0.0,0.0,0.0,0.0025289778714436247,-0.010834296678533306,-0.02588496738112206,0.016889873905277072,-0.1418710018214746,-0.43223829330262376,0.09642768652942935,0.242,-0.4749230080926363,-0.6252002362735881,-0.3566004215925544,0.0,-0.03437868404245635,-0.06115888416216612,0.004016963600415841,0.104
phase4,rain_pilot,precip,5,123,all,all,equal_mean,prev,False,56940,74,0.1794466738157151,5.055047540809789,10.786935014160413,8.89673513130455,12.509244490336112,5.055047540809789,4.085708581392053,6.054870705253123,870.0,0.16551724137931034,0.4122448979591837,0.14830072090628219,0.28160919540229884,0.14500452922973678,0.0019715396619169588,0.20820529548456596,0.014524060414471374,-0.021339628867341753,-0.12877239274098415,0.07814716682290669,144.0,0.006944444444444444,0.8,0.006756756756756757,0.034722222222222224,0.00667188835089718,0.0,0.018539666956838934,0.0025816649104320336,-0.03189334452600279,-0.08515084211343898,0.016889873905277072,,,,,,,,,,,,
phase4,rain_pilot,precip,5,123,winter_JF,all,blend_B,L3B,False,9204,13,0.25823899926978816,0.41800262828417867,1.4940414491845784,0.8075631095767563,2.0147858169609343,0.41800262828417867,0.18054038877139997,0.6806452515499999,0.0,,,,,,,,0.0,1.0,1.0,1.0,0.0,,,,,,,,0.0,1.0,1.0,1.0,-0.4258816504080496,-0.6347063148238361,-0.23549667397371696,0.0,-0.25011467901506357,-0.41339232697073997,-0.11358899741736614,0.0,,,,
phase4,rain_pilot,precip,5,123,winter_JF,all,equal_mean,prev,False,9204,13,0.5507186978146895,0.6681173072992422,1.919923099592628,1.1302108749211075,2.520924315759387,0.6681173072992422,0.3007775243698682,1.0809651308962498,0.0,,,,,,,,0.0,1.0,1.0,1.0,0.0,,,,,,,,0.0,1.0,1.0,1.0,,,,,,,,,,,,
phase4,rain_pilot,precip,5,123,premonsoon_MAM,all,blend_B,L3B,False,14352,19,-1.4563694180757338,5.063972930250459,12.059589826283986,7.068524635676673,16.556753842515917,5.063972930250459,3.287912087814345,7.395186309349342,353.0,0.15864022662889518,0.28205128205128205,0.14933333333333335,0.22096317280453256,0.14495899310967705,0.0,0.2020001706364674,0.022226867335562988,0.046182244838645414,-0.027538921502111152,0.08192007051876621,75.0,0.0,,0.0,0.0,0.0,0.0,0.0,0.005225752508361204,-0.011758287798211864,-0.01463507777388361,0.004468095444562152,0.045879700474996454,-0.296763866152057,0.4074367341779836,0.914,-0.5058531516584877,-0.7175135399225466,-0.2806222653699072,0.0,-0.06752499893756297,-0.10309842981632134,0.00013211314100184938,0.27
phase4,rain_pilot,precip,5,123,premonsoon_MAM,all,equal_mean,prev,False,14352,19,-0.24743339023177857,5.569826081908946,12.01371012580899,7.262063821077266,16.291892731224834,5.569826081908946,3.7566240638204897,7.979108013669383,353.0,0.24079320113314448,0.2975206611570248,0.2185089974293059,0.34277620396600567,0.21248399204724003,-0.00013211314100184938,0.23578547100144415,0.021181716833890748,0.09103260950140502,-0.053867452413397486,0.1635278164674591,75.0,0.0,,0.0,0.0,0.0,0.0,0.0,0.005225752508361204,-0.011758287798211864,-0.01463507777388361,0.004468095444562152,,,,,,,,,,,,
phase4,rain_pilot,precip,5,123,monsoon_JJAS,all,blend_B,L3B,False,19032,25,-1.4332379936391333,6.853900894257637,13.214880131413329,10.538917967374564,15.685108058072023,6.853900894257637,5.3157674904472705,8.411050544418744,458.0,0.10698689956331878,0.43023255813953487,0.09898989898989899,0.18777292576419213,0.09520701059921216,0.0,0.18944037199664282,0.023434216057166876,-0.07112597640972651,-0.12131208012340688,0.028064114579266698,66.0,0.0,,0.0,0.0,0.0,0.0,0.0,0.0034678436317780582,-0.010875961520538713,-0.031168424875190615,0.0816062897733602,-0.247775421206331,-0.7841561450731078,0.20269804972397945,0.428,-0.501057171548628,-0.8205539573452848,-0.22510454888968384,0.0,-0.012761611754475738,-0.021607973231908207,0.012555575990969842,0.744
phase4,rain_pilot,precip,5,123,monsoon_JJAS,all,equal_mean,prev,False,19032,25,-0.2018605019417566,7.354958065806265,13.46265555261966,10.797842197190018,16.128771261567774,7.354958065806265,5.7058379778861,9.066162854704725,458.0,0.12882096069868995,0.5203252032520326,0.11302681992337164,0.2685589519650655,0.1079686223536879,0.0,0.20955859174397662,0.024327448507776378,-0.11195364815628572,-0.1694499843900843,0.018261197351083974,66.0,0.015151515151515152,0.8,0.014285714285714285,0.07575757575757576,0.014041489289816881,0.0,0.025230437151148234,0.0036254728877679696,-0.05682486886238136,-0.11191216099693199,0.0816062897733602,,,,,,,,,,,,
phase4,rain_pilot,precip,5,123,postmonsoon_OND,all,blend_B,L3B,False,14352,19,-0.1526452381016791,3.750237833592615,8.43389587219151,5.936519481861109,10.590414353248386,3.750237833592615,2.2614004430283736,5.2851808733604315,59.0,0.0,,0.0,0.0,0.0,0.0,0.0,0.00411092530657748,-0.0019549496919730736,-0.012678261551915865,0.048997309133986144,3.0,0.0,,0.0,0.0,0.0,0.0,0.0,0.00020903010033444816,0.012523986593886094,0.004761363766040655,1.0,-0.20325278285969262,-0.5287974152132946,-0.019239652552274,0.02,-0.5535072501131508,-0.7799837099624404,-0.37662936415719556,0.0,6.852011646097082e-05,0.0,0.00020207863992145387,0.7
phase4,rain_pilot,precip,5,123,postmonsoon_OND,all,equal_mean,prev,False,14352,19,0.8738748468466008,4.303745083705766,8.637148655051202,6.255206537757595,10.72853399641048,4.303745083705766,2.7361100502274667,5.868642972338742,59.0,0.0,1.0,0.0,0.01694915254237288,-6.852011646097082e-05,-0.00020207863992145392,0.0,0.004180602006688963,-0.018937236974887695,-0.08688732086797611,0.02769169618036878,3.0,0.0,,0.0,0.0,0.0,0.0,0.0,0.00020903010033444816,0.012523986593886094,0.004761363766040655,1.0,,,,,,,,,,,,
