sample,region,variable,lead_day,lead_h,season,regime,forecast,kind,ensemble,n_cases,n_blocks,bias,mae,rmse,rmse_lo,rmse_hi,crps,crps_lo,crps_hi,n_obs_ev_40.0,pod_40.0,far_40.0,csi_40.0,fbias_40.0,ets_40.0,ets_40.0_lo,ets_40.0_hi,brier_40.0,bss_40.0,bss_40.0_lo,bss_40.0_hi,d_rmse_vs_ref,d_rmse_lo,d_rmse_hi,d_rmse_p,d_crps_vs_ref,d_crps_lo,d_crps_hi,d_crps_p,d_ets_40.0_vs_ref,d_ets_40.0_lo,d_ets_40.0_hi,d_ets_40.0_p
phase4,rain_pilot,tmax,1,27,all,all,blend_B,L3B,False,56316,73,0.11242174199633541,0.7313612613397545,0.9385974120556245,0.8939083931469896,0.9822142299523897,0.7313612613397545,0.7001881988077617,0.7642120583083435,0.0,,,,,,,,0.0,,,,-0.02499988301530054,-0.03823113030823111,-0.01179803413586917,0.0,-0.01883766148034316,-0.029449054499615584,-0.007829264357501722,0.0,,,,
phase4,rain_pilot,tmax,1,27,all,all,blend_A,L3A,False,56316,73,0.024416056958880054,0.7501989228200977,0.9635972950709251,0.9195690821144389,1.0115822261644807,0.7501989228200977,0.7200440523010458,0.7834039655006829,0.0,,,,,,,,0.0,,,,,,,,,,,,,,,
phase4,rain_pilot,tmax,1,27,winter_JF,all,blend_B,L3B,False,9204,13,0.1682397957627331,0.7022371238234353,0.8965505654697574,0.8264623483047357,0.9677488469167806,0.7022371238234353,0.6519743652391855,0.7563073118676465,0.0,,,,,,,,0.0,,,,-0.01232323949387315,-0.04028113793128353,0.012329278058502813,0.358,-0.004053020104280214,-0.026118664554992323,0.017602778733803923,0.698,,,,
phase4,rain_pilot,tmax,1,27,winter_JF,all,blend_A,L3A,False,9204,13,0.15354710296670648,0.7062901439277155,0.9088738049636306,0.8431434253342965,0.9798404667042233,0.7062901439277155,0.6589570331468885,0.7598616744228527,0.0,,,,,,,,0.0,,,,,,,,,,,,,,,
phase4,rain_pilot,tmax,1,27,premonsoon_MAM,all,blend_B,L3B,False,14352,19,0.10031966009533393,0.7938668964432767,1.0346244924212828,0.9219703282270896,1.1592389899108009,0.7938668964432767,0.7266294356299798,0.873081404190667,0.0,,,,,,,,0.0,,,,-0.039382178814021396,-0.07034481998244127,-0.002474896156559043,0.044,-0.03256225320141981,-0.05644338629345801,-0.004158004054931101,0.022,,,,
phase4,rain_pilot,tmax,1,27,premonsoon_MAM,all,blend_A,L3A,False,14352,19,-0.0947964443942509,0.8264291496446965,1.0740066712353042,0.9624109865852024,1.1920927000077024,0.8264291496446965,0.7604972918312314,0.8938690990539895,0.0,,,,,,,,0.0,,,,,,,,,,,,,,,
phase4,rain_pilot,tmax,1,27,monsoon_JJAS,all,blend_B,L3B,False,19032,25,-0.018985004172499514,0.6638359946330689,0.8424904218715418,0.7885882850759607,0.9046086513514289,0.6638359946330689,0.6239352032790897,0.7091307453670237,0.0,,,,,,,,0.0,,,,-0.02458994240470258,-0.04226082884653152,-0.0033679853999255315,0.024,-0.020897047115805423,-0.03918639622972042,6.230963193450226e-05,0.052,,,,
phase4,rain_pilot,tmax,1,27,monsoon_JJAS,all,blend_A,L3A,False,19032,25,-0.10869713809721708,0.6847330417488743,0.8670803642762444,0.8101795500297287,0.9306271727101271,0.6847330417488743,0.6442922201393532,0.7292635276855258,0.0,,,,,,,,0.0,,,,,,,,,,,,,,,
phase4,rain_pilot,tmax,1,27,postmonsoon_OND,all,blend_B,L3B,False,13728,18,0.2698279851244324,0.7791554456824189,0.9858570041837498,0.9046148773583784,1.055499652904169,0.7791554456824189,0.7106313279922594,0.8444306590004867,0.0,,,,,,,,0.0,,,,-0.017627915796174065,-0.032174705465522015,-0.0016285448044637604,0.032,-0.01154659733627783,-0.02422217973616734,0.0035742029769831674,0.12,,,,
phase4,rain_pilot,tmax,1,27,postmonsoon_OND,all,blend_A,L3A,False,13728,18,0.24701410476422253,0.7907020430186967,1.0034849199799238,0.9198139795797101,1.0739674724233241,0.7907020430186967,0.7216093862459654,0.8559903286519027,0.0,,,,,,,,0.0,,,,,,,,,,,,,,,
phase4,rain_pilot,tmax,2,51,all,all,blend_B,L3B,False,56472,73,0.12207306449685865,0.7435487144509124,0.9540948253141189,0.9038895089954315,1.0030080806153727,0.7435487144509124,0.7082645617453787,0.7816468785677881,0.0,,,,,,,,0.0,,,,-0.025889258737868515,-0.04103009075805629,-0.00959192241893334,0.002,-0.01878812593751089,-0.030281370210417217,-0.00587572954459879,0.0,,,,
phase4,rain_pilot,tmax,2,51,all,all,blend_A,L3A,False,56472,73,0.027648446174531875,0.7623368403884233,0.9799840840519874,0.9315801889389691,1.0320732424721586,0.7623368403884233,0.7285737625790752,0.7996854363676266,0.0,,,,,,,,0.0,,,,,,,,,,,,,,,
phase4,rain_pilot,tmax,2,51,winter_JF,all,blend_B,L3B,False,9204,13,0.2214658016849735,0.7025695263640045,0.8968546927648505,0.8266764584138282,0.9688615546562859,0.7025695263640045,0.6474808989097851,0.7634470056943433,0.0,,,,,,,,0.0,,,,-0.0008695397687706885,-0.04281616083665984,0.03626832810378031,0.964,0.00269633611872222,-0.028210516725689968,0.03234984655476527,0.818,,,,
phase4,rain_pilot,tmax,2,51,winter_JF,all,blend_A,L3A,False,9204,13,0.18909443486829988,0.6998731902452823,0.8977242325336212,0.8375110661980367,0.9614890469934807,0.6998731902452823,0.6549296031430863,0.7514093973243222,0.0,,,,,,,,0.0,,,,,,,,,,,,,,,
phase4,rain_pilot,tmax,2,51,premonsoon_MAM,all,blend_B,L3B,False,14352,19,0.09649883677462405,0.8096601978990944,1.053551115312849,0.9317579742271266,1.1795350882244826,0.8096601978990944,0.7303902794723224,0.8928877865987207,0.0,,,,,,,,0.0,,,,-0.02898905554744169,-0.06353678389614957,0.01143448399119957,0.156,-0.020611743597415577,-0.04882312225320637,0.014442566671964379,0.23,,,,
phase4,rain_pilot,tmax,2,51,premonsoon_MAM,all,blend_A,L3A,False,14352,19,-0.09938264052604752,0.83027194149651,1.0825401708602906,0.963484911605628,1.201811044216575,0.83027194149651,0.7574406903657634,0.9034779301748872,0.0,,,,,,,,0.0,,,,,,,,,,,,,,,
phase4,rain_pilot,tmax,2,51,monsoon_JJAS,all,blend_B,L3B,False,19032,25,-0.009289919202595311,0.6719282519271165,0.8519584988697271,0.7833818729138858,0.9293846698743801,0.6719282519271165,0.6173387136067046,0.7329944935453093,0.0,,,,,,,,0.0,,,,-0.03581858202552812,-0.05971098421561609,-0.01028711681679815,0.01,-0.028798056831375818,-0.04731313909688582,-0.00789396077066274,0.014,,,,
phase4,rain_pilot,tmax,2,51,monsoon_JJAS,all,blend_A,L3A,False,19032,25,-0.1091458574970914,0.7007263087584923,0.8877770808952552,0.8149715788141069,0.9703139672981839,0.7007263087584923,0.6501739029611038,0.7574373720151807,0.0,,,,,,,,0.0,,,,,,,,,,,,,,,
phase4,rain_pilot,tmax,2,51,postmonsoon_OND,all,blend_B,L3B,False,13884,18,0.26269038435843384,0.8005510970104397,1.013404776233393,0.9241135307391399,1.0979287291900874,0.8005510970104397,0.7307617116713975,0.8738195601368237,0.0,,,,,,,,0.0,,,,-0.025915649049849332,-0.041977316826482564,-0.009238182806502385,0.004,-0.01742406826958942,-0.02934035942703978,-0.005241344803141057,0.01,,,,
phase4,rain_pilot,tmax,2,51,postmonsoon_OND,all,blend_A,L3A,False,13884,18,0.23945127416845358,0.8179751652800291,1.0393204252832424,0.9493856884539894,1.1308039710918278,0.8179751652800291,0.7474480331049383,0.8958805514053015,0.0,,,,,,,,0.0,,,,,,,,,,,,,,,
phase4,rain_pilot,tmax,3,75,all,all,blend_B,L3B,False,56628,73,0.13083812019502813,0.7629897942892987,0.9822888643227498,0.9288404643806718,1.0335305219294915,0.7629897942892987,0.7259887968711922,0.8018208571054571,0.0,,,,,,,,0.0,,,,-0.029389407506861365,-0.046164785104414956,-0.010785252550779056,0.004,-0.02210379185763811,-0.03534960512669626,-0.006974968970060533,0.004,,,,
phase4,rain_pilot,tmax,3,75,all,all,blend_A,L3A,False,56628,73,0.028647671061113846,0.7850935861469368,1.0116782718296111,0.957098650214542,1.0682711052921052,0.7850935861469368,0.7485249764609994,0.8246584574925845,0.0,,,,,,,,0.0,,,,,,,,,,,,,,,
phase4,rain_pilot,tmax,3,75,winter_JF,all,blend_B,L3B,False,9204,13,0.2483063235276681,0.7237966880234673,0.927883478763402,0.8459894620450854,1.0156194605391016,0.7237966880234673,0.6594940909574457,0.793627684594857,0.0,,,,,,,,0.0,,,,0.024124371829115643,-0.019715172086611343,0.06734850254774054,0.272,0.014107377153021128,-0.021076900344576786,0.04983488416574799,0.412,,,,
phase4,rain_pilot,tmax,3,75,winter_JF,all,blend_A,L3A,False,9204,13,0.19809387373644494,0.7096893108704462,0.9037591069342864,0.8474077290560619,0.9652734042841895,0.7096893108704462,0.6650637111116344,0.7595509094224234,0.0,,,,,,,,0.0,,,,,,,,,,,,,,,
phase4,rain_pilot,tmax,3,75,premonsoon_MAM,all,blend_B,L3B,False,14352,19,0.06318506455607505,0.8459845168667627,1.101496092561353,0.984085590911042,1.22772026096939,0.8459845168667627,0.7673732949282664,0.9313919093712668,0.0,,,,,,,,0.0,,,,-0.04117562461801749,-0.08289009397593461,0.004529625780732837,0.092,-0.03144962652072458,-0.06737549605846686,0.009451639514601587,0.136,,,,
phase4,rain_pilot,tmax,3,75,premonsoon_MAM,all,blend_A,L3A,False,14352,19,-0.14935674954417558,0.8774341433874873,1.1426717171793705,1.0178942271912732,1.2761110259235142,0.8774341433874873,0.7992671926009659,0.9656756739596466,0.0,,,,,,,,0.0,,,,,,,,,,,,,,,
phase4,rain_pilot,tmax,3,75,monsoon_JJAS,all,blend_B,L3B,False,19032,25,0.037988781377817214,0.6870103267222305,0.8719600224258585,0.8031260304080549,0.9459196948543998,0.6870103267222305,0.6295990189242232,0.7504929960690009,0.0,,,,,,,,0.0,,,,-0.03128717740676756,-0.05509768280231494,-0.004198742465094145,0.028,-0.025612281319873587,-0.04549692871240878,-0.0031062812757873533,0.022,,,,
phase4,rain_pilot,tmax,3,75,monsoon_JJAS,all,blend_A,L3A,False,19032,25,-0.07330560383550155,0.7126226080421041,0.903247199832626,0.8328852464672595,0.9836854445886231,0.7126226080421041,0.6584140605441859,0.7712658444822474,0.0,,,,,,,,0.0,,,,,,,,,,,,,,,
phase4,rain_pilot,tmax,3,75,postmonsoon_OND,all,blend_B,L3B,False,14040,18,0.24885008083789098,0.806838392464184,1.0278193115393564,0.9315916926090608,1.1233567254009587,0.806838392464184,0.7313598648027817,0.8861119446761249,0.0,,,,,,,,0.0,,,,-0.04548935049965008,-0.06055327062472059,-0.029438194761346438,0.0,-0.03153275261577382,-0.0429237280374239,-0.019891182017801805,0.0,,,,
phase4,rain_pilot,tmax,3,75,postmonsoon_OND,all,blend_A,L3A,False,14040,18,0.23772967411921575,0.8383711450799578,1.0733086620390064,0.974295719776501,1.1691105471631595,0.8383711450799578,0.7628860044785034,0.9197085890505049,0.0,,,,,,,,0.0,,,,,,,,,,,,,,,
phase4,rain_pilot,tmax,4,99,all,all,blend_B,L3B,False,56784,74,0.1487586488183635,0.7788228621177856,1.0023093111960473,0.9491496220831226,1.0547984272068205,0.7788228621177856,0.7378312562402336,0.8196621442357835,0.0,,,,,,,,0.0,,,,-0.02756185017318913,-0.046349921824774015,-0.008366362118874511,0.008,-0.01984132820869977,-0.034763946993211226,-0.0038955876815849485,0.018,,,,
phase4,rain_pilot,tmax,4,99,all,all,blend_A,L3A,False,56784,74,0.03127165010661332,0.7986641903264854,1.0298711613692364,0.9714888606387195,1.0888661472763628,0.7986641903264854,0.7566397245595363,0.8412331131908877,0.0,,,,,,,,0.0,,,,,,,,,,,,,,,
phase4,rain_pilot,tmax,4,99,winter_JF,all,blend_B,L3B,False,9204,13,0.27739386266337845,0.7642782338543178,0.9734377866207022,0.892686667341677,1.052045587022054,0.7642782338543178,0.6999711581253342,0.8339302527062592,0.0,,,,,,,,0.0,,,,0.050547892730052446,0.01190529424210943,0.0985408901631663,0.01,0.03823821330163746,0.006567666616996649,0.08057826066735731,0.026,,,,
phase4,rain_pilot,tmax,4,99,winter_JF,all,blend_A,L3A,False,9204,13,0.20489878801613567,0.7260400205526804,0.9228898938906498,0.8580883149951644,0.9813715373391986,0.7260400205526804,0.676390201260005,0.7714233573598056,0.0,,,,,,,,0.0,,,,,,,,,,,,,,,
phase4,rain_pilot,tmax,4,99,premonsoon_MAM,all,blend_B,L3B,False,14352,19,0.07412813765016554,0.8481885087131258,1.0971562121732563,0.9740237616984351,1.221035927570861,0.8481885087131258,0.7693074139347782,0.937501425369847,0.0,,,,,,,,0.0,,,,-0.04353482093087635,-0.08840043980617217,0.003084594581459094,0.066,-0.03162321411779223,-0.07396325928701901,0.009411639295106024,0.116,,,,
phase4,rain_pilot,tmax,4,99,premonsoon_MAM,all,blend_A,L3A,False,14352,19,-0.16055616407490095,0.879811722830918,1.1406910331041327,1.0081990365177447,1.2816364210264868,0.879811722830918,0.7918251649957304,0.9849418189645724,0.0,,,,,,,,0.0,,,,,,,,,,,,,,,
phase4,rain_pilot,tmax,4,99,monsoon_JJAS,all,blend_B,L3B,False,19032,25,0.06833162714624265,0.7000655275074661,0.8928442240125842,0.8148835710624711,0.9695467748071829,0.7000655275074661,0.6358059744251723,0.765416900341147,0.0,,,,,,,,0.0,,,,-0.031082909100883516,-0.062110592725155025,0.0007847000111482623,0.058,-0.024191425647390852,-0.048412303907903645,0.0010302664327641283,0.054,,,,
phase4,rain_pilot,tmax,4,99,monsoon_JJAS,all,blend_A,L3A,False,19032,25,-0.06734350269809898,0.7242569531548569,0.9239271331134677,0.8512217691335143,0.9952718569308697,0.7242569531548569,0.6649299392956352,0.7859363538222045,0.0,,,,,,,,0.0,,,,,,,,,,,,,,,
phase4,rain_pilot,tmax,4,99,postmonsoon_OND,all,blend_B,L3B,False,14196,19,0.24863366040756213,0.8237117456697887,1.0575517726309487,0.9515946482272358,1.1589190723426614,0.8237117456697887,0.7456986215686463,0.9000922935551137,0.0,,,,,,,,0.0,,,,-0.05168387479033254,-0.06517926892962891,-0.0371619333702268,0.0,-0.03975393873565669,-0.05042304219182849,-0.028653570206518708,0.0,,,,
phase4,rain_pilot,tmax,4,99,postmonsoon_OND,all,blend_A,L3A,False,14196,19,0.24484534692213414,0.8634656844054454,1.1092356474212812,1.0023745428410877,1.2075814461104588,0.8634656844054454,0.7826258240110081,0.9424396092908762,0.0,,,,,,,,0.0,,,,,,,,,,,,,,,
phase4,rain_pilot,tmax,5,123,all,all,blend_B,L3B,False,56940,74,0.15326264203536874,0.8006536365183438,1.029766684585454,0.9711533503012489,1.0925338500960746,0.8006536365183438,0.7579475166646121,0.8476194790797771,0.0,,,,,,,,0.0,,,,-0.027463228567679465,-0.05048633219772582,-0.0015637859077384784,0.038,-0.020973681097161245,-0.03907554944245383,-0.0004269513352321018,0.044,,,,
phase4,rain_pilot,tmax,5,123,all,all,blend_A,L3A,False,56940,74,0.027794283299769358,0.821627317615505,1.0572299131531335,0.9954301885570014,1.1207015529325801,0.821627317615505,0.7767456854905116,0.8708493161143525,0.0,,,,,,,,0.0,,,,,,,,,,,,,,,
phase4,rain_pilot,tmax,5,123,winter_JF,all,blend_B,L3B,False,9204,13,0.2950516756282377,0.8031879337597598,1.012133863608232,0.9391045147236974,1.0895723788173013,0.8031879337597598,0.7411703861070147,0.8677275716368181,0.0,,,,,,,,0.0,,,,0.05741400575075706,-0.004551036041811545,0.1288194158058776,0.08,0.04227045482783054,-0.005715783308232002,0.0999915449769346,0.106,,,,
phase4,rain_pilot,tmax,5,123,winter_JF,all,blend_A,L3A,False,9204,13,0.18434630244361583,0.7609174789319293,0.9547198578574749,0.8976541966109773,1.005210462151944,0.7609174789319293,0.7112724586822524,0.804028397783314,0.0,,,,,,,,0.0,,,,,,,,,,,,,,,
phase4,rain_pilot,tmax,5,123,premonsoon_MAM,all,blend_B,L3B,False,14352,19,0.08992702107764407,0.8733324143400161,1.1325682094188643,1.0041717102386172,1.2777216481925027,0.8733324143400161,0.7891072985018471,0.9710908297078668,0.0,,,,,,,,0.0,,,,-0.0338002344931696,-0.08337202825086173,0.016898521971050275,0.192,-0.0236270730710747,-0.06827881786162975,0.021222526584300794,0.304,,,,
phase4,rain_pilot,tmax,5,123,premonsoon_MAM,all,blend_A,L3A,False,14352,19,-0.14562398188621836,0.8969594874110908,1.1663684439120339,1.035266287944495,1.3128869949434385,0.8969594874110908,0.8112204793976552,0.9979352980696008,0.0,,,,,,,,0.0,,,,,,,,,,,,,,,
phase4,rain_pilot,tmax,5,123,monsoon_JJAS,all,blend_B,L3B,False,19032,25,0.07025210433469294,0.7116546140793443,0.9105140863973108,0.8229448407220776,1.0035483171064898,0.7116546140793443,0.6432851042255145,0.7925059530850809,0.0,,,,,,,,0.0,,,,-0.03640275117623548,-0.0807570409417608,0.00959994087245962,0.102,-0.029792549430747828,-0.06384337862890169,0.0027627456712944216,0.068,,,,
phase4,rain_pilot,tmax,5,123,monsoon_JJAS,all,blend_A,L3A,False,19032,25,-0.08010857463033323,0.7414471635100921,0.9469168375735463,0.8593418431913661,1.0426793785882604,0.7414471635100921,0.6742570922811275,0.8180274060918812,0.0,,,,,,,,0.0,,,,,,,,,,,,,,,
phase4,rain_pilot,tmax,5,123,postmonsoon_OND,all,blend_B,L3B,False,14352,19,0.23574753057464973,0.8443700456566103,1.080764818773892,0.9663905637889637,1.1924918539867753,0.8443700456566103,0.7629911435230842,0.931881628543504,0.0,,,,,,,,0.0,,,,-0.05962843234328474,-0.07776263137396308,-0.04394824026133444,0.0,-0.047184442197997445,-0.06164850554977215,-0.03355954673821668,0.0,,,,
phase4,rain_pilot,tmax,5,123,postmonsoon_OND,all,blend_A,L3A,False,14352,19,0.24390363042038288,0.8915544878546078,1.1403932511171768,1.0230864933392123,1.2505318366600964,0.8915544878546078,0.8019828260790451,0.9854723116339358,0.0,,,,,,,,0.0,,,,,,,,,,,,,,,
