forecast,lead_day,n_cases,rmse,rmse_lo,rmse_hi,n_obs_ev_64.5,pod_64.5,far_64.5,fbias_64.5,ets_64.5,ets_64.5_lo,ets_64.5_hi,n_obs_ev_115.6,pod_115.6,far_115.6,fbias_115.6,ets_115.6,ets_115.6_lo,ets_115.6_hi
trustcast,1,61009,8.518102618382128,6.621098808741779,10.366144501534125,363.0,0.2066115702479339,0.5967741935483871,0.512396694214876,0.1562578897434479,0.016990246301163556,0.30295561480650446,59.0,0.11864406779661017,0.6818181818181818,0.3728813559322034,0.0943342089543773,0.0,0.14852042600705306
equal_mean,1,61009,8.016089662322171,6.102805283904287,9.832961010339865,363.0,0.1487603305785124,0.4065934065934066,0.25068870523415976,0.13382753876838402,0.003771165754136271,0.2727650443893773,59.0,0.06779661016949153,0.7647058823529411,0.288135593220339,0.05533985556664985,0.0,0.0885297139133787
equal_mean,1,61009,8.016089662322171,6.102805283904287,9.832961010339865,363.0,0.1487603305785124,0.4065934065934066,0.25068870523415976,0.13382753876838402,0.003771165754136271,0.2727650443893773,59.0,0.06779661016949153,0.7647058823529411,0.288135593220339,0.05533985556664985,0.0,0.0885297139133787
superensemble,1,61009,8.033553310072422,6.061396199677932,9.944655555509764,363.0,0.046831955922865015,0.5405405405405406,0.10192837465564739,0.04383682176212272,-0.0004931767431938674,0.09799380140686813,59.0,0.0,,0.0,0.0,0.0,0.0
climatology,1,61009,10.157484760014142,7.453182380522547,12.875941328762087,363.0,0.0,,0.0,0.0,0.0,0.0,59.0,0.0,,0.0,0.0,0.0,0.0
trustcast,2,61178,9.44942544004727,7.228633952355733,11.678373700432866,363.0,0.25895316804407714,0.6618705035971223,0.7658402203856749,0.16934152976736339,0.02004755481304355,0.3572113441124688,59.0,0.13559322033898305,0.8333333333333334,0.8135593220338984,0.08037807720452808,-0.0003954190122986024,0.156738725038103
equal_mean,2,61178,8.52913016282277,6.429827050212539,10.343827570400503,363.0,0.13774104683195593,0.4897959183673469,0.2699724517906336,0.12041005578012684,-0.00015629748366525022,0.2738962117284865,59.0,0.0,1.0,0.03389830508474576,-3.162063809375787e-05,-9.245833172462816e-05,0.0
equal_mean,2,61178,8.52913016282277,6.429827050212539,10.343827570400503,363.0,0.13774104683195593,0.4897959183673469,0.2699724517906336,0.12041005578012684,-0.00015629748366525022,0.2738962117284865,59.0,0.0,1.0,0.03389830508474576,-3.162063809375787e-05,-9.245833172462816e-05,0.0
superensemble,2,61178,8.385694807244883,6.361050772609739,10.37353074004072,363.0,0.06611570247933884,0.2,0.08264462809917356,0.06458940943968992,0.0,0.1314704542995583,59.0,0.0,,0.0,0.0,0.0,0.0
climatology,2,61178,10.143453670939843,7.422523924733987,12.851953794068608,363.0,0.0,,0.0,0.0,0.0,0.0,59.0,0.0,,0.0,0.0,0.0,0.0
trustcast,3,61347,10.092197809760822,7.898957037266638,12.191795482613236,363.0,0.23415977961432508,0.7301587301587301,0.8677685950413223,0.1406378250685672,0.0050757194643502885,0.29078960208704513,59.0,0.05084745762711865,0.8695652173913043,0.3898305084745763,0.037705240145831126,-0.0003259653118312806,0.07986345422474515
equal_mean,3,61347,8.788015958937242,6.658549505070376,10.76514070624405,363.0,0.03305785123966942,0.6666666666666666,0.09917355371900827,0.030474092431961083,-0.00022958166479784996,0.05363606664028823,59.0,0.01694915254237288,0.0,0.01694915254237288,0.016933127848872773,0.0,0.031218420660519434
equal_mean,3,61347,8.788015958937242,6.658549505070376,10.76514070624405,363.0,0.03305785123966942,0.6666666666666666,0.09917355371900827,0.030474092431961083,-0.00022958166479784996,0.05363606664028823,59.0,0.01694915254237288,0.0,0.01694915254237288,0.016933127848872773,0.0,0.031218420660519434
superensemble,3,61347,8.519239151979107,6.43584264151308,10.509724908434416,363.0,0.049586776859504134,0.18181818181818182,0.06060606060606061,0.048708891792067874,0.0,0.11050260951324367,59.0,0.0,,0.0,0.0,0.0,0.0
climatology,3,61347,10.129480786593453,7.392242978228458,12.834340507493199,363.0,0.0,,0.0,0.0,0.0,0.0,59.0,0.0,,0.0,0.0,0.0,0.0
trustcast,4,61516,10.080924025416016,7.7545759704244634,12.034017690436196,363.0,0.18732782369146006,0.7224489795918367,0.6749311294765841,0.12357951874307362,0.015981300436651975,0.2336363362867662,59.0,0.15254237288135594,0.7954545454545454,0.7457627118644068,0.09533854172073326,-0.00039300743746881325,0.2009255540147548
equal_mean,4,61516,9.045679110500684,6.888125361360314,10.975610216737051,363.0,0.07988980716253444,0.5606060606060606,0.18181818181818182,0.07159606031003755,-0.00011016387661453092,0.14205847148779438,59.0,0.01694915254237288,0.8,0.0847457627118644,0.015798099356087007,-4.191879909999145e-05,0.02805077661682184
equal_mean,4,61516,9.045679110500684,6.888125361360314,10.975610216737051,363.0,0.07988980716253444,0.5606060606060606,0.18181818181818182,0.07159606031003755,-0.00011016387661453092,0.14205847148779438,59.0,0.01694915254237288,0.8,0.0847457627118644,0.015798099356087007,-4.191879909999145e-05,0.02805077661682184
superensemble,4,61516,8.741925478200882,6.582661149156911,10.684345954115615,363.0,0.04132231404958678,0.2857142857142857,0.05785123966942149,0.040328125853144804,0.0,0.0895067924604546,59.0,0.0,,0.0,0.0,0.0,0.0
climatology,4,61516,10.115565706939918,7.503036109280277,12.539316296647115,363.0,0.0,,0.0,0.0,0.0,0.0,59.0,0.0,,0.0,0.0,0.0,0.0
trustcast,5,61685,10.34870749196368,7.842072630428758,12.584117609998952,363.0,0.05509641873278237,0.9130434782608695,0.6336088154269972,0.032618952717251126,0.00536841177505688,0.07232264597743461,59.0,0.0,1.0,0.03389830508474576,-3.136073428767414e-05,-7.555882448197106e-05,0.0
equal_mean,5,61685,9.210369488299387,6.830067782766754,11.483941168295447,363.0,0.0,1.0,0.013774104683195593,-7.996205877409572e-05,-0.00020321105971021457,0.0,59.0,0.0,,0.0,0.0,0.0,0.0
equal_mean,5,61685,9.210369488299387,6.830067782766754,11.483941168295447,363.0,0.0,1.0,0.013774104683195593,-7.996205877409572e-05,-0.00020321105971021457,0.0,59.0,0.0,,0.0,0.0,0.0,0.0
superensemble,5,61685,9.009810649089088,6.757915526806477,11.163104180470912,363.0,0.0,1.0,0.0027548209366391185,-1.6167121179521095e-05,-4.877436519546521e-05,0.0,59.0,0.0,,0.0,0.0,0.0,0.0
climatology,5,61685,10.101707985460948,7.472089432552328,12.539306111351294,363.0,0.0,,0.0,0.0,0.0,0.0,59.0,0.0,,0.0,0.0,0.0,0.0
