forecast,lead_day,n_cases,rmse,rmse_lo,rmse_hi,n_obs_ev_40.0,pod_40.0,far_40.0,fbias_40.0,ets_40.0,ets_40.0_lo,ets_40.0_hi
trustcast,1,61009,0.8797413169409575,0.8147505470826641,0.9523673685408756,4471.0,0.781480653097741,0.18554778554778556,0.9595168866025497,0.6420069767578939,0.43027165399227807,0.7656916358956678
blend_A,1,61009,0.8797413169409575,0.8147505470826641,0.9523673685408756,4471.0,0.781480653097741,0.18554778554778556,0.9595168866025497,0.6420069767578939,0.43027165399227807,0.7656916358956678
equal_mean,1,61009,1.7295665427184597,1.6361227828500342,1.8338807173896383,4471.0,0.47193021695370163,0.1059322033898305,0.5278461194363677,0.4259076960538231,0.23754841230304538,0.5649700556598105
superensemble,1,61009,1.2469226764116026,1.1821618157337943,1.317789691098071,4471.0,0.6179825542384254,0.23758278145695363,0.8105569223887273,0.492935620835556,0.32598868102441164,0.5992027411353886
climatology,1,61009,2.440692333767547,2.0341969690100967,2.873799939545812,4471.0,0.6327443524938493,0.6486587183308494,1.8009393871617088,0.24592881705677133,0.06903235665461528,0.44551691273318544
trustcast,2,61178,0.9556250448365949,0.8647206487700576,1.060146081604021,4471.0,0.7752180720196824,0.22926395374694242,1.0058152538581973,0.6064446448329058,0.38270710200591396,0.7438920676023811
blend_A,2,61178,0.9556250448365949,0.8647206487700576,1.060146081604021,4471.0,0.7752180720196824,0.22926395374694242,1.0058152538581973,0.6064446448329058,0.38270710200591396,0.7438920676023811
equal_mean,2,61178,1.7165851938089505,1.6280391268107253,1.8098226385537257,4471.0,0.5280697830462984,0.1736086804340217,0.6390069335719079,0.45231450115031746,0.2719678411041233,0.5780353467000692
superensemble,2,61178,1.2864875696817042,1.2038930490504964,1.378734800525896,4471.0,0.5721315142026392,0.2626117036609974,0.7758890628494743,0.44934942283061663,0.2739164900585579,0.5775381043757281
climatology,2,61178,2.437707557379901,2.0318400177491767,2.8667336138187047,4471.0,0.6327443524938493,0.6486587183308494,1.8009393871617088,0.246063810399702,0.06910556731864126,0.4455318577609845
trustcast,3,61347,1.0305417027969084,0.9208155870597506,1.1435851060631552,4471.0,0.7682845001118318,0.22964790311729089,0.997316036680832,0.6015493812607204,0.36598984743372653,0.7561153306220673
blend_A,3,61347,1.0305417027969084,0.9208155870597506,1.1435851060631552,4471.0,0.7682845001118318,0.22964790311729089,0.997316036680832,0.6015493812607204,0.36598984743372653,0.7561153306220673
equal_mean,3,61347,1.7498585331490366,1.6614751714249651,1.837898628896092,4471.0,0.5795124133303512,0.19708707778122095,0.7217624692462536,0.48355998904303965,0.2763207754966222,0.6260001908198847
superensemble,3,61347,1.2963855055604452,1.1991579838937325,1.3900336815417955,4471.0,0.5468575262804741,0.24350247524752475,0.722880787295907,0.43991480780248354,0.2441610258407586,0.5899652717915137
climatology,3,61347,2.4345977025933547,2.0292757139658613,2.8594967982729504,4471.0,0.6327443524938493,0.6486587183308494,1.8009393871617088,0.24619801205205696,0.06937724140460134,0.4455437933710226
trustcast,4,61516,1.057813136635652,0.9541923417362859,1.1636722290962689,4471.0,0.7416685305300827,0.2080248387867208,0.9364795347796914,0.5978313601785514,0.34759489677201,0.761306506879291
blend_A,4,61516,1.057813136635652,0.9541923417362859,1.1636722290962689,4471.0,0.7416685305300827,0.2080248387867208,0.9364795347796914,0.5978313601785514,0.34759489677201,0.761306506879291
equal_mean,4,61516,1.758368641853462,1.6689270973546435,1.8489456395669566,4471.0,0.5985238201744576,0.1903177004538578,0.7392082308208454,0.5012131878266807,0.27885959488478035,0.6523104678488675
superensemble,4,61516,1.3098923101575297,1.218388785179399,1.4013601116078191,4471.0,0.5502124804294342,0.21581128466687918,0.7016327443524939,0.45365875500725916,0.24512954417928237,0.6029327189504005
climatology,4,61516,2.4313711358575523,2.014138623358016,2.8835426488519427,4471.0,0.6327443524938493,0.6486587183308494,1.8009393871617088,0.2463314289579724,0.07115992039277709,0.45307727204583126
trustcast,5,61685,1.097370338521782,0.9827360051785691,1.206114466361264,4471.0,0.743457839409528,0.21714554875176637,0.9496756877656005,0.5931366153941634,0.350245105642586,0.7473413477605443
blend_A,5,61685,1.097370338521782,0.9827360051785691,1.206114466361264,4471.0,0.743457839409528,0.21714554875176637,0.9496756877656005,0.5931366153941634,0.350245105642586,0.7473413477605443
equal_mean,5,61685,1.7459383053430266,1.6471547725186428,1.8419106623645274,4471.0,0.6175352270185641,0.2387648194099807,0.8112279132185194,0.49232484776955737,0.276041003188987,0.6346467696375465
superensemble,5,61685,1.3239711457046919,1.232872266757105,1.4130762835197015,4471.0,0.5528964437486021,0.2451908396946565,0.7324983225229256,0.44367499386394543,0.23686348094571763,0.5867932229340578
climatology,5,61685,2.4282774323598058,2.0116667497959493,2.8835426488519427,4471.0,0.6327443524938493,0.6486587183308494,1.8009393871617088,0.2464640679806093,0.0712523306134607,0.4533966321159081
