forecast,threshold,bin_lo,bin_hi,n,mean_prob,obs_freq
classifier,40.0,0.0,0.1,280646.0,0.002874267753213644,0.011961688390356535
classifier,40.0,0.1,0.2,4054.0,0.14584165811538696,0.4659595461272817
classifier,40.0,0.2,0.30000000000000004,3130.0,0.24877095222473145,0.6421725239616614
classifier,40.0,0.30000000000000004,0.4,1800.0,0.34317734837532043,0.6344444444444445
classifier,40.0,0.4,0.5,1276.0,0.4505367577075958,0.5799373040752351
classifier,40.0,0.5,0.6000000000000001,1376.0,0.5505548715591431,0.5857558139534884
classifier,40.0,0.6000000000000001,0.7000000000000001,1850.0,0.6529120802879333,0.5902702702702702
classifier,40.0,0.7000000000000001,0.8,2714.0,0.7532856464385986,0.7254974207811349
classifier,40.0,0.8,0.9,4815.0,0.8535419702529907,0.9237798546209761
classifier,40.0,0.9,1.0,5074.0,0.9369016289710999,0.9661016949152542
ensemble_fraction,40.0,0.0,0.1,278095.0,0.0015804304425522525,0.02184864884302127
ensemble_fraction,40.0,0.1,0.2,3702.0,0.1539125644855457,0.2685035116153431
ensemble_fraction,40.0,0.2,0.30000000000000004,2656.0,0.2527388967635247,0.29668674698795183
ensemble_fraction,40.0,0.30000000000000004,0.4,2079.0,0.3524696073715681,0.32996632996632996
ensemble_fraction,40.0,0.4,0.5,1895.0,0.4499456774794351,0.37572559366754615
ensemble_fraction,40.0,0.5,0.6000000000000001,1771.0,0.5490196078431372,0.40429136081309996
ensemble_fraction,40.0,0.6000000000000001,0.7000000000000001,1751.0,0.6464429289705603,0.46145059965733864
ensemble_fraction,40.0,0.7000000000000001,0.8,1836.0,0.7460378486906745,0.5005446623093682
ensemble_fraction,40.0,0.8,0.9,2066.0,0.8438110965586624,0.5730880929332043
ensemble_fraction,40.0,0.9,1.0,10884.0,0.9829701450591262,0.8702682837192208
climatology,40.0,0.0,0.1,227580.0,0.003910689149051905,6.59108884787767e-05
climatology,40.0,0.1,0.2,11055.0,0.14628130197525024,0.019448213478064226
climatology,40.0,0.2,0.30000000000000004,8375.0,0.24751469492912292,0.1182089552238806
climatology,40.0,0.30000000000000004,0.4,7245.0,0.3490222990512848,0.24775707384403037
climatology,40.0,0.4,0.5,7400.0,0.44872426986694336,0.47162162162162163
climatology,40.0,0.5,0.6000000000000001,7955.0,0.5502572059631348,0.5034569453174105
climatology,40.0,0.6000000000000001,0.7000000000000001,9635.0,0.6523109078407288,0.4717176959003633
climatology,40.0,0.7000000000000001,0.8,13270.0,0.7517485618591309,0.34061793519216277
climatology,40.0,0.8,0.9,13850.0,0.8460773825645447,0.2007220216606498
climatology,40.0,0.9,1.0,370.0,0.9077012538909912,0.0
